Workbook

Sheet Resumen
A1: Resumen
A2: Se actualiza solo con lo que pongas en Calendario y Resultados.
A4: Videos creados | B4: =MAX(Calendario!A5:A100)
A5: Publicaciones totales | B5: =COUNTA(Calendario!E5:E100)
A6: Publicadas | B6: =COUNTIF(Calendario!F5:F100,"Publicado")
A7: Programadas | B7: =COUNTIF(Calendario!F5:F100,"Programado")
A8: En Instagram | B8: =COUNTIF(Calendario!E5:E100,"Instagram")
A9: En TikTok | B9: =COUNTIF(Calendario!E5:E100,"TikTok")
A10: Vistas totales | B10: =Resultados!F17
A11: Seguidores ganados (48 h) | B11: =Resultados!Q17
A12: Mensajes recibidos | B12: =Resultados!R17
A13: Clientes que cotizaron | B13: =Resultados!S17
A15: Créditos de voz (ElevenLabs Starter)
A16: Créditos disponibles | B16: 38848
A17: Costo por video (aprox.) | B17: 400
A18: Videos que alcanzan | B18: =IFERROR(INT(B16/B17),0)
A20: Fuente: tu cuenta de ElevenLabs (15/10/2026). Voz: Diego (desde el video 4). Los créditos se renuevan cada mes.

Sheet Calendario
A1: Lumen Web Design · Calendario de publicaciones
A2: Horas en hora de Venezuela. Publicación automática con Metricool. Todos los videos van marcados como contenido hecho con IA.
A4: N° | B4: Video | C4: Fecha | D4: Hora | E4: Red | F4: Estado | G4: Enlace | H4: Descripción | I4: Hashtags | J4: Archivo (Videos\Lumen) | K4: Portada
A5: 1 | B5: Presentación de Lumen | C5: jue 15/10/2026 | D5: 1:50 pm | E5: Instagram | F5: Publicado | G5: Ver publicación | H5: Hola, soy Angel 👋 y esto es Lumen Web Design. Creo páginas web modernas y minimalistas para negocios que quieren crecer: pedidos online, reservas y un diseño perfecto para el teléfono. 📍 Desde Aragua, Venezuela, para todo el país y el exterior. ¿Tu negocio aún no tiene web? Escríbeme por WhatsApp, el enlace está en mi biografía 💬 Lumen: le damos luz a tu negocio ✨ | I5: #diseñoweb #paginasweb #webdesign #emprendedoresvenezolanos #aragua #maracay #venezuela #negociosvenezuela #marketingdigital #emprendimiento | J5: lumen-reel-01-presentacion.mp4 | K5: Logo (seg. 3)
A6: 1 | B6: Presentación de Lumen | C6: jue 15/10/2026 | D6: 3:46 pm | E6: TikTok | F6: Publicado | G6: Ver publicación | H6: Hola, soy Angel 👋 Diseño páginas web para negocios de Venezuela y del exterior. Si tu negocio aún no tiene web, escríbeme por mensaje directo y te ayudo 💬 | I6: #diseñoweb #paginasweb #emprendedoresvenezolanos #aragua #venezuela | J6: lumen-reel-01-presentacion.mp4 | K6: Primer fotograma
A7: 2 | B7: Web moderna en el teléfono | C7: sáb 17/10/2026 | D7: 11:00 am | E7: Instagram | F7: Programado | G7: Se genera al publicarse | H7: Si tu negocio no se ve bien en el teléfono, ese cliente se va con la competencia en dos segundos 📉 El café del video es solo un ejemplo: tu web lleva tu logo, tus colores, tus fotos y tus productos reales 🎨 ¿Qué te gustaría que tuviera la web de tu negocio? Te leo en los comentarios 👇 o escríbeme por WhatsApp desde el enlace de mi biografía. | I7: #diseñoweb #paginasweb #webdesign #emprendedoresvenezolanos #aragua #maracay #venezuela #negociosvenezuela #marketingdigital #emprendimiento | J7: lumen-reel-02-web-en-el-telefono.mp4 | K7: "Así se ve una web moderna"
A8: 2 | B8: Web moderna en el teléfono | C8: sáb 17/10/2026 | D8: 11:00 am | E8: TikTok | F8: Programado | G8: Se genera al publicarse | H8: El café del video es solo un ejemplo: tu web lleva tu logo, tus colores y tus productos reales 🎨 ¿Qué te gustaría que tuviera la web de tu negocio? Cuéntame en los comentarios o por mensaje directo 👇 | I8: #diseñoweb #paginasweb #emprendedoresvenezolanos #venezuela #negocios | J8: lumen-reel-02-web-en-el-telefono.mp4 | K8: Primer fotograma
A9: 3 | B9: ¿Cuánto cuesta una página web? | C9: lun 19/10/2026 | D9: 11:00 am | E9: Instagram | F9: Programado | G9: Se genera al publicarse | H9: Todos los paquetes incluyen ✨ 📱 Diseño que se ve perfecto en celular, tablet y computadora 💬 Botón de WhatsApp para que te escriban al instante 🔎 Optimización básica para aparecer en Google 🎓 Te enseño a manejar tu página 🎁 2 semanas de mantenimiento gratis ¿Cuál paquete le vendría mejor a tu negocio? Cuéntame en los comentarios 👇 o escríbeme por WhatsApp desde el enlace de mi biografía. | I9: #diseñoweb #paginasweb #webdesign #emprendedoresvenezolanos #aragua #maracay #venezuela #negociosvenezuela #marketingdigital #emprendimiento | J9: lumen-reel-03-cuanto-cuesta-una-web.mp4 | K9: Tarjeta paquete Completo
A10: 3 | B10: ¿Cuánto cuesta una página web? | C10: lun 19/10/2026 | D10: 11:00 am | E10: TikTok | F10: Programado | G10: Se genera al publicarse | H10: Todos los paquetes incluyen diseño para celular y computadora, botón de WhatsApp, optimización para Google, capacitación y 2 semanas de mantenimiento gratis ✨ ¿Cuál le vendría mejor a tu negocio? Escríbeme por mensaje directo y te hago tu cotización 💬 | I10: #diseñoweb #paginasweb #emprendedoresvenezolanos #venezuela #emprendimiento | J10: lumen-reel-03-cuanto-cuesta-una-web.mp4 | K10: Primer fotograma
A11: 4 | B11: ¿Tu negocio solo está en redes? | C11: mié 21/10/2026 | D11: 11:00 am | E11: Instagram | F11: Programado | G11: Se genera al publicarse | H11: Las redes sociales sirven para que te descubran, pero tu página web es donde te eligen 💡 Tu web le da a tu negocio una dirección propia que puedes poner en tu perfil, en tu tarjeta, en Google Maps y en tu estado de WhatsApp. Y trabaja las 24 horas, aunque no estés respondiendo mensajes 🕐 ¿Tu negocio ya tiene web o todavía vende solo por redes? Cuéntame en los comentarios 👇 o escríbeme por WhatsApp desde el enlace de mi biografía. | I11: #diseñoweb #paginasweb #webdesign #emprendedoresvenezolanos #aragua #maracay #venezuela #negociosvenezuela #marketingdigital #emprendimiento | J11: lumen-reel-04-solo-en-redes.mp4 | K11: Título (seg. 1,5)
A12: 4 | B12: ¿Tu negocio solo está en redes? | C12: mié 21/10/2026 | D12: 11:00 am | E12: TikTok | F12: Programado | G12: Se genera al publicarse | H12: Tu web le da a tu negocio una dirección propia que puedes poner en tu perfil, en tu tarjeta y en Google Maps, y trabaja las 24 horas aunque no estés respondiendo mensajes 🕐 ¿Tu negocio ya tiene web o vende solo por redes? Cuéntame en los comentarios o escríbeme por mensaje directo 💬 | I12: #diseñoweb #paginasweb #emprendedoresvenezolanos #venezuela #negocios | J12: lumen-reel-04-solo-en-redes.mp4 | K12: Primer fotograma
A13: 5 | B13: Así hago tu web en 4 pasos | C13: vie 23/10/2026 | D13: 11:00 am | E13: Instagram | F13: Programado | G13: Se genera al publicarse | H13: Lo que necesito para empezar tu web 📝 📸 Tu logo y fotos de tus productos o de tu local 🎨 Tus colores 📋 Tu menú, servicios o lista de precios 📍 Tu dirección, horario y número de WhatsApp Si algo te falta, no pasa nada: lo vemos juntos en la primera conversación 🤝 ¿Qué es lo que más te frena para tener la página web de tu negocio? Te leo en los comentarios 👇 o escríbeme por WhatsApp desde el enlace de mi biografía. | I13: #diseñoweb #paginasweb #webdesign #emprendedoresvenezolanos #aragua #maracay #venezuela #negociosvenezuela #marketingdigital #emprendimiento | J13: lumen-reel-05-proceso-4-pasos.mp4 | K13: Título (seg. 1,8)
A14: 5 | B14: Así hago tu web en 4 pasos | C14: vie 23/10/2026 | D14: 11:00 am | E14: TikTok | F14: Programado | G14: Se genera al publicarse | H14: Para empezar tu web solo necesito tu logo, fotos de tus productos, tu menú o lista de precios y tu WhatsApp 📝 Si algo te falta, lo vemos juntos 🤝 ¿Qué es lo que más te frena para tener tu página web? Cuéntame en los comentarios o escríbeme por mensaje directo 💬 | I14: #diseñoweb #paginasweb #emprendedoresvenezolanos #venezuela #emprendimiento | J14: lumen-reel-05-proceso-4-pasos.mp4 | K14: Primer fotograma
A15: 6 | B15: 3 errores que espantan clientes | C15: vie 16/10/2026 | D15: 12:15 pm | E15: Instagram | F15: Programado | G15: Se genera al publicarse | H15: Una web lenta no solo pierde visitas: Google también la muestra más abajo en los resultados 🔎 Y el botón de WhatsApp no es un detalle: es el camino más corto entre "me interesa" y "quiero comprar" 💬 ¿Cuál de estos 3 errores has visto más en las webs de negocios? Te leo en los comentarios 👇 o escríbeme por WhatsApp desde el enlace de mi biografía. | I15: #diseñoweb #paginasweb #webdesign #emprendedoresvenezolanos #aragua #maracay #venezuela #negociosvenezuela #marketingdigital #emprendimiento | J15: lumen-reel-06-errores-que-espantan-clientes.mp4 | K15: Título (seg. 1,8)
A16: 6 | B16: 3 errores que espantan clientes | C16: vie 16/10/2026 | D16: 6:00 pm | E16: TikTok | F16: Programado | G16: Se genera al publicarse | H16: Una web lenta también aparece más abajo en Google 🔎 y el botón de WhatsApp es el camino más corto entre "me interesa" y "quiero comprar" 💬 ¿Cuál de estos 3 errores has visto más? Cuéntame en los comentarios o escríbeme por mensaje directo | I16: #diseñoweb #paginasweb #emprendedoresvenezolanos #venezuela #negocios | J16: lumen-reel-06-errores-que-espantan-clientes-tiktok-portada.mp4 | K16: Primer fotograma

Sheet Resultados
A1: Resultados por publicación
A2: Claude llena esta pestaña con los datos de Metricool (a las 48 h y a los 7 días de cada video). Las columnas grises se calculan solas.
A4: N° | B4: Video | C4: Red | D4: Estado | E4: Horas publicado | F4: Vistas | G4: Alcance | H4: Vio +3 s (IG) / completo (TT) | I4: % visto | J4: Tiempo medio (s) | K4: Me gusta | L4: Comentarios | M4: Guardados | N4: Compartidos | O4: Interacciones | P4: Tasa de interacción | Q4: Seguidores 48 h | R4: Mensajes recibidos | S4: Clientes que cotizaron
A5: =Calendario!A5 | B5: =Calendario!B5 | C5: =Calendario!E5 | D5: =Calendario!F5 | O5: =IF(COUNT(K5:N5)=0,"",SUM(K5:N5)) | P5: =IFERROR(IF(G5="","",O5/G5),"")
A6: =Calendario!A6 | B6: =Calendario!B6 | C6: =Calendario!E6 | D6: =Calendario!F6 | O6: =IF(COUNT(K6:N6)=0,"",SUM(K6:N6)) | P6: =IFERROR(IF(G6="","",O6/G6),"")
A7: =Calendario!A7 | B7: =Calendario!B7 | C7: =Calendario!E7 | D7: =Calendario!F7 | O7: =IF(COUNT(K7:N7)=0,"",SUM(K7:N7)) | P7: =IFERROR(IF(G7="","",O7/G7),"")
A8: =Calendario!A8 | B8: =Calendario!B8 | C8: =Calendario!E8 | D8: =Calendario!F8 | O8: =IF(COUNT(K8:N8)=0,"",SUM(K8:N8)) | P8: =IFERROR(IF(G8="","",O8/G8),"")
A9: =Calendario!A9 | B9: =Calendario!B9 | C9: =Calendario!E9 | D9: =Calendario!F9 | O9: =IF(COUNT(K9:N9)=0,"",SUM(K9:N9)) | P9: =IFERROR(IF(G9="","",O9/G9),"")
A10: =Calendario!A10 | B10: =Calendario!B10 | C10: =Calendario!E10 | D10: =Calendario!F10 | O10: =IF(COUNT(K10:N10)=0,"",SUM(K10:N10)) | P10: =IFERROR(IF(G10="","",O10/G10),"")
A11: =Calendario!A11 | B11: =Calendario!B11 | C11: =Calendario!E11 | D11: =Calendario!F11 | O11: =IF(COUNT(K11:N11)=0,"",SUM(K11:N11)) | P11: =IFERROR(IF(G11="","",O11/G11),"")
A12: =Calendario!A12 | B12: =Calendario!B12 | C12: =Calendario!E12 | D12: =Calendario!F12 | O12: =IF(COUNT(K12:N12)=0,"",SUM(K12:N12)) | P12: =IFERROR(IF(G12="","",O12/G12),"")
A13: =Calendario!A13 | B13: =Calendario!B13 | C13: =Calendario!E13 | D13: =Calendario!F13 | O13: =IF(COUNT(K13:N13)=0,"",SUM(K13:N13)) | P13: =IFERROR(IF(G13="","",O13/G13),"")
A14: =Calendario!A14 | B14: =Calendario!B14 | C14: =Calendario!E14 | D14: =Calendario!F14 | O14: =IF(COUNT(K14:N14)=0,"",SUM(K14:N14)) | P14: =IFERROR(IF(G14="","",O14/G14),"")
A15: =Calendario!A15 | B15: =Calendario!B15 | C15: =Calendario!E15 | D15: =Calendario!F15 | O15: =IF(COUNT(K15:N15)=0,"",SUM(K15:N15)) | P15: =IFERROR(IF(G15="","",O15/G15),"")
A16: =Calendario!A16 | B16: =Calendario!B16 | C16: =Calendario!E16 | D16: =Calendario!F16 | O16: =IF(COUNT(K16:N16)=0,"",SUM(K16:N16)) | P16: =IFERROR(IF(G16="","",O16/G16),"")
B17: Total / promedio | F17: =SUM(F5:F16) | G17: =SUM(G5:G16) | H17: =IFERROR(AVERAGE(H5:H16),"") | I17: =IFERROR(AVERAGE(I5:I16),"") | J17: =IFERROR(AVERAGE(J5:J16),"") | K17: =SUM(K5:K16) | L17: =SUM(L5:L16) | M17: =SUM(M5:M16) | N17: =SUM(N5:N16) | O17: =SUM(O5:O16) | P17: =IFERROR(IF(G17=0,"",O17/G17),"") | Q17: =SUM(Q5:Q16) | R17: =SUM(R5:R16) | S17: =SUM(S5:S16)
B19: Notas:
B20: • Última lectura de Metricool: todavía sin datos (la cuenta se conectó el 15/10/2026).
B21: • Vio +3 s (Instagram): % de vistas que pasaron de los 3 primeros segundos; mide el gancho. Vio completo (TikTok): % que vio todo el video.
B22: • % visto: parte del video que se ve en promedio. Interacciones = Me gusta + Comentarios + Guardados + Compartidos. Tasa = Interacciones ÷ Alcance.
B23: • Seguidores 48 h: ganados el día de la publicación y el siguiente. TikTok no informa 'Guardados' por Metricool.
B24: • Mensajes y clientes: cuéntale a Claude cuando te escriba alguien y de qué video viene; son los números que de verdad importan.
B25: • Lo aprendido de cada video está en marca/guia-videos.md.
